-- MySQL dump 10.13  Distrib 8.0.22, for Linux (x86_64)
--
-- Host: 127.0.01    Database: pineapple
-- ------------------------------------------------------
-- Server version	5.5.5-10.5.8-MariaDB-1:10.5.8+maria~focal

/*!40101 SET @OLD_CHARACTER_SET_CLIENT=@@CHARACTER_SET_CLIENT */;
/*!40101 SET @OLD_CHARACTER_SET_RESULTS=@@CHARACTER_SET_RESULTS */;
/*!40101 SET @OLD_COLLATION_CONNECTION=@@COLLATION_CONNECTION */;
/*!50503 SET NAMES utf8mb4 */;
/*!40103 SET @OLD_TIME_ZONE=@@TIME_ZONE */;
/*!40103 SET TIME_ZONE='+00:00' */;
/*!40014 SET @OLD_UNIQUE_CHECKS=@@UNIQUE_CHECKS, UNIQUE_CHECKS=0 */;
/*!40014 SET @OLD_FOREIGN_KEY_CHECKS=@@FOREIGN_KEY_CHECKS, FOREIGN_KEY_CHECKS=0 */;
/*!40101 SET @OLD_SQL_MODE=@@SQL_MODE, SQL_MODE='NO_AUTO_VALUE_ON_ZERO' */;
/*!40111 SET @OLD_SQL_NOTES=@@SQL_NOTES, SQL_NOTES=0 */;

--
-- Table structure for table `categories`
--

DROP TABLE IF EXISTS `categories`;
/*!40101 SET @saved_cs_client     = @@character_set_client */;
/*!50503 SET character_set_client = utf8mb4 */;
CREATE TABLE `categories` (
  `id` bigint(20) unsigned NOT NULL AUTO_INCREMENT,
  `score_fee` double NOT NULL,
  `created_at` timestamp NULL DEFAULT NULL,
  `updated_at` timestamp NULL DEFAULT NULL,
  PRIMARY KEY (`id`)
) ENGINE=InnoDB AUTO_INCREMENT=8 DEFAULT CHARSET=utf8mb4 COLLATE=utf8mb4_unicode_ci;
/*!40101 SET character_set_client = @saved_cs_client */;

--
-- Dumping data for table `categories`
--

LOCK TABLES `categories` WRITE;
/*!40000 ALTER TABLE `categories` DISABLE KEYS */;
INSERT INTO `categories` VALUES (1,0.8,'2021-02-03 09:30:36','2021-02-03 09:30:36'),(2,1,'2021-02-03 09:30:36','2021-02-03 09:30:36'),(3,1.4,'2021-02-03 09:30:36','2021-02-03 09:30:36'),(4,1.8,'2021-02-03 09:30:36','2021-02-03 09:30:36'),(5,2.3,'2021-02-03 09:30:36','2021-02-03 09:30:36'),(6,0.3,'2021-02-03 09:30:36','2021-02-03 09:30:36'),(7,2.7,'2021-02-03 09:30:36','2021-02-03 09:30:36');
/*!40000 ALTER TABLE `categories` ENABLE KEYS */;
UNLOCK TABLES;

--
-- Table structure for table `failed_jobs`
--

DROP TABLE IF EXISTS `failed_jobs`;
/*!40101 SET @saved_cs_client     = @@character_set_client */;
/*!50503 SET character_set_client = utf8mb4 */;
CREATE TABLE `failed_jobs` (
  `id` bigint(20) unsigned NOT NULL AUTO_INCREMENT,
  `uuid` varchar(255) COLLATE utf8mb4_unicode_ci NOT NULL,
  `connection` text COLLATE utf8mb4_unicode_ci NOT NULL,
  `queue` text COLLATE utf8mb4_unicode_ci NOT NULL,
  `payload` longtext COLLATE utf8mb4_unicode_ci NOT NULL,
  `exception` longtext COLLATE utf8mb4_unicode_ci NOT NULL,
  `failed_at` timestamp NOT NULL DEFAULT current_timestamp(),
  PRIMARY KEY (`id`),
  UNIQUE KEY `failed_jobs_uuid_unique` (`uuid`)
) ENGINE=InnoDB DEFAULT CHARSET=utf8mb4 COLLATE=utf8mb4_unicode_ci;
/*!40101 SET character_set_client = @saved_cs_client */;

--
-- Dumping data for table `failed_jobs`
--

LOCK TABLES `failed_jobs` WRITE;
/*!40000 ALTER TABLE `failed_jobs` DISABLE KEYS */;
/*!40000 ALTER TABLE `failed_jobs` ENABLE KEYS */;
UNLOCK TABLES;

--
-- Table structure for table `invoices`
--

DROP TABLE IF EXISTS `invoices`;
/*!40101 SET @saved_cs_client     = @@character_set_client */;
/*!50503 SET character_set_client = utf8mb4 */;
CREATE TABLE `invoices` (
  `id` bigint(20) unsigned NOT NULL AUTO_INCREMENT,
  `start_date` datetime NOT NULL,
  `end_date` datetime NOT NULL,
  `user_id` bigint(20) unsigned NOT NULL,
  `created_at` timestamp NULL DEFAULT NULL,
  `updated_at` timestamp NULL DEFAULT NULL,
  PRIMARY KEY (`id`),
  KEY `invoices_user_id_foreign` (`user_id`),
  CONSTRAINT `invoices_user_id_foreign` FOREIGN KEY (`user_id`) REFERENCES `users` (`id`)
) ENGINE=InnoDB AUTO_INCREMENT=167 DEFAULT CHARSET=utf8mb4 COLLATE=utf8mb4_unicode_ci;
/*!40101 SET character_set_client = @saved_cs_client */;

--
-- Dumping data for table `invoices`
--

LOCK TABLES `invoices` WRITE;
/*!40000 ALTER TABLE `invoices` DISABLE KEYS */;
INSERT INTO `invoices` VALUES (156,'2020-12-06 00:00:00','2021-01-05 23:59:59',1,'2021-02-09 00:36:39','2021-02-09 00:36:39'),(157,'2020-11-06 00:00:00','2020-12-05 23:59:59',1,'2021-02-09 00:36:40','2021-02-09 00:36:40'),(158,'2020-09-06 00:00:00','2020-10-05 23:59:59',1,'2021-02-09 00:37:19','2021-02-09 00:37:19'),(159,'2021-02-06 00:00:00','2021-03-05 23:59:59',1,'2021-02-09 00:37:19','2021-02-09 00:37:19'),(160,'2020-08-06 00:00:00','2020-09-05 23:59:59',1,'2021-02-09 00:37:20','2021-02-09 00:37:20'),(161,'2020-07-06 00:00:00','2020-08-05 23:59:59',1,'2021-02-09 00:37:20','2021-02-09 00:37:20'),(162,'2020-02-06 00:00:00','2020-03-05 23:59:59',1,'2021-02-09 00:37:20','2021-02-09 00:37:20'),(163,'2021-01-06 00:00:00','2021-02-05 23:59:59',1,'2021-02-09 00:37:20','2021-02-09 00:37:20'),(164,'2020-10-06 00:00:00','2020-11-05 23:59:59',1,'2021-02-09 00:37:20','2021-02-09 00:37:20'),(165,'2020-06-06 00:00:00','2020-07-05 23:59:59',1,'2021-02-09 00:37:20','2021-02-09 00:37:20'),(166,'2020-01-06 00:00:00','2020-02-05 23:59:59',1,'2021-02-09 00:37:21','2021-02-09 00:37:21');
/*!40000 ALTER TABLE `invoices` ENABLE KEYS */;
UNLOCK TABLES;

--
-- Table structure for table `migrations`
--

DROP TABLE IF EXISTS `migrations`;
/*!40101 SET @saved_cs_client     = @@character_set_client */;
/*!50503 SET character_set_client = utf8mb4 */;
CREATE TABLE `migrations` (
  `id` int(10) unsigned NOT NULL AUTO_INCREMENT,
  `migration` varchar(255) COLLATE utf8mb4_unicode_ci NOT NULL,
  `batch` int(11) NOT NULL,
  PRIMARY KEY (`id`)
) ENGINE=InnoDB AUTO_INCREMENT=23 DEFAULT CHARSET=utf8mb4 COLLATE=utf8mb4_unicode_ci;
/*!40101 SET character_set_client = @saved_cs_client */;

--
-- Dumping data for table `migrations`
--

LOCK TABLES `migrations` WRITE;
/*!40000 ALTER TABLE `migrations` DISABLE KEYS */;
INSERT INTO `migrations` VALUES (14,'2014_10_12_000000_create_users_table',1),(15,'2014_10_12_100000_create_password_resets_table',1),(16,'2019_08_19_000000_create_failed_jobs_table',1),(17,'2021_02_03_232257_create_categories_table',1),(18,'2021_02_03_233612_create_stores_table',1),(19,'2021_02_03_235056_create_invoices_table',1),(22,'2021_02_04_001816_create_payments_table',2);
/*!40000 ALTER TABLE `migrations` ENABLE KEYS */;
UNLOCK TABLES;

--
-- Table structure for table `password_resets`
--

DROP TABLE IF EXISTS `password_resets`;
/*!40101 SET @saved_cs_client     = @@character_set_client */;
/*!50503 SET character_set_client = utf8mb4 */;
CREATE TABLE `password_resets` (
  `email` varchar(255) COLLATE utf8mb4_unicode_ci NOT NULL,
  `token` varchar(255) COLLATE utf8mb4_unicode_ci NOT NULL,
  `created_at` timestamp NULL DEFAULT NULL,
  KEY `password_resets_email_index` (`email`)
) ENGINE=InnoDB DEFAULT CHARSET=utf8mb4 COLLATE=utf8mb4_unicode_ci;
/*!40101 SET character_set_client = @saved_cs_client */;

--
-- Dumping data for table `password_resets`
--

LOCK TABLES `password_resets` WRITE;
/*!40000 ALTER TABLE `password_resets` DISABLE KEYS */;
/*!40000 ALTER TABLE `password_resets` ENABLE KEYS */;
UNLOCK TABLES;

--
-- Table structure for table `payments`
--

DROP TABLE IF EXISTS `payments`;
/*!40101 SET @saved_cs_client     = @@character_set_client */;
/*!50503 SET character_set_client = utf8mb4 */;
CREATE TABLE `payments` (
  `id` bigint(20) unsigned NOT NULL AUTO_INCREMENT,
  `store_id` bigint(20) unsigned NOT NULL,
  `invoice_id` bigint(20) unsigned DEFAULT NULL,
  `user_id` bigint(20) unsigned NOT NULL,
  `price` decimal(10,2) NOT NULL,
  `time` datetime NOT NULL,
  `chargeback` tinyint(1) NOT NULL DEFAULT 0,
  `created_at` timestamp NULL DEFAULT NULL,
  `updated_at` timestamp NULL DEFAULT NULL,
  PRIMARY KEY (`id`),
  KEY `payments_user_id_foreign` (`user_id`),
  KEY `payments_invoice_id_foreign` (`invoice_id`),
  KEY `payments_store_id_foreign` (`store_id`),
  CONSTRAINT `payments_invoice_id_foreign` FOREIGN KEY (`invoice_id`) REFERENCES `invoices` (`id`),
  CONSTRAINT `payments_store_id_foreign` FOREIGN KEY (`store_id`) REFERENCES `stores` (`id`),
  CONSTRAINT `payments_user_id_foreign` FOREIGN KEY (`user_id`) REFERENCES `users` (`id`)
) ENGINE=InnoDB AUTO_INCREMENT=216 DEFAULT CHARSET=utf8mb4 COLLATE=utf8mb4_unicode_ci;
/*!40101 SET character_set_client = @saved_cs_client */;

--
-- Dumping data for table `payments`
--

LOCK TABLES `payments` WRITE;
/*!40000 ALTER TABLE `payments` DISABLE KEYS */;
INSERT INTO `payments` VALUES (1,1,158,1,91.19,'2020-09-04 18:06:15',0,NULL,'2021-02-09 00:37:19'),(2,1,159,1,31.26,'2021-02-06 00:55:47',0,NULL,'2021-02-09 00:37:19'),(3,1,158,1,184.09,'2020-09-05 08:46:41',0,NULL,'2021-02-09 00:37:19'),(4,1,160,1,135.56,'2020-08-17 23:51:58',0,NULL,'2021-02-09 00:37:20'),(5,1,158,1,109.78,'2020-09-01 09:25:16',0,NULL,'2021-02-09 00:37:20'),(6,1,160,1,77.59,'2020-08-02 14:55:23',0,NULL,'2021-02-09 00:37:20'),(7,1,158,1,77.71,'2020-09-08 09:45:01',0,NULL,'2021-02-09 00:37:20'),(8,1,160,1,198.97,'2020-08-13 02:36:11',0,NULL,'2021-02-09 00:37:20'),(9,1,158,1,33.14,'2020-09-04 02:12:40',0,NULL,'2021-02-09 00:37:20'),(10,1,161,1,62.20,'2020-07-27 22:22:41',0,NULL,'2021-02-09 00:37:20'),(11,1,161,1,98.88,'2020-07-22 12:05:15',0,NULL,'2021-02-09 00:37:20'),(12,1,160,1,3.37,'2020-08-27 21:20:59',0,NULL,'2021-02-09 00:37:20'),(13,1,156,1,20.45,'2020-12-22 06:49:35',0,NULL,'2021-02-09 00:37:20'),(14,1,162,1,32.17,'2020-02-08 01:54:06',0,NULL,'2021-02-09 00:37:20'),(15,1,161,1,5.60,'2020-07-29 04:45:18',0,NULL,'2021-02-09 00:37:20'),(16,1,160,1,67.28,'2020-08-29 18:32:16',0,NULL,'2021-02-09 00:37:20'),(17,1,158,1,108.58,'2020-09-21 23:23:49',0,NULL,'2021-02-09 00:37:20'),(18,1,160,1,91.24,'2020-08-13 13:11:51',0,NULL,'2021-02-09 00:37:20'),(19,1,156,1,131.91,'2020-12-24 02:14:36',0,NULL,'2021-02-09 00:37:20'),(20,1,158,1,101.73,'2020-09-15 23:57:01',0,NULL,'2021-02-09 00:37:20'),(21,2,160,1,73.58,'2020-08-20 13:35:20',0,NULL,'2021-02-09 00:37:20'),(22,2,163,1,26.38,'2021-01-31 14:06:37',0,NULL,'2021-02-09 00:37:20'),(23,2,159,1,137.73,'2021-02-06 20:30:30',0,NULL,'2021-02-09 00:37:20'),(24,2,160,1,28.39,'2020-08-11 12:51:36',0,NULL,'2021-02-09 00:37:20'),(25,2,161,1,31.44,'2020-07-27 15:07:34',0,NULL,'2021-02-09 00:37:20'),(26,2,160,1,164.05,'2020-08-25 15:19:19',0,NULL,'2021-02-09 00:37:20'),(27,2,158,1,36.68,'2020-09-02 14:47:17',0,NULL,'2021-02-09 00:37:20'),(28,2,160,1,15.03,'2020-08-22 20:54:53',0,NULL,'2021-02-09 00:37:20'),(29,2,160,1,126.85,'2020-08-16 21:14:00',0,NULL,'2021-02-09 00:37:20'),(30,2,158,1,103.68,'2020-09-20 10:06:01',0,NULL,'2021-02-09 00:37:20'),(31,2,160,1,64.97,'2020-08-25 12:15:37',0,NULL,'2021-02-09 00:37:20'),(32,2,160,1,42.04,'2020-08-29 21:46:57',0,NULL,'2021-02-09 00:37:20'),(33,2,160,1,46.80,'2020-08-06 13:57:20',0,NULL,'2021-02-09 00:37:20'),(34,2,160,1,176.50,'2020-08-18 14:31:10',0,NULL,'2021-02-09 00:37:20'),(35,2,158,1,145.58,'2020-09-25 19:15:39',0,NULL,'2021-02-09 00:37:20'),(36,2,158,1,83.69,'2020-09-11 04:34:49',0,NULL,'2021-02-09 00:37:20'),(37,2,160,1,89.11,'2020-08-27 00:51:08',0,NULL,'2021-02-09 00:37:20'),(38,2,160,1,70.33,'2020-08-14 15:33:37',0,NULL,'2021-02-09 00:37:20'),(39,2,158,1,100.86,'2020-09-16 08:21:58',0,NULL,'2021-02-09 00:37:20'),(40,3,161,1,60.71,'2020-07-30 13:46:39',0,NULL,'2021-02-09 00:37:20'),(41,3,157,1,144.77,'2020-11-29 10:40:31',0,NULL,'2021-02-09 00:37:20'),(42,3,156,1,80.80,'2020-12-08 13:29:45',0,NULL,'2021-02-09 00:37:20'),(43,4,158,1,141.15,'2020-09-04 15:55:45',0,NULL,'2021-02-09 00:37:20'),(44,4,160,1,86.24,'2020-08-11 04:18:16',0,NULL,'2021-02-09 00:37:20'),(45,5,158,1,83.45,'2020-09-08 22:33:28',0,NULL,'2021-02-09 00:37:20'),(46,6,164,1,139.59,'2020-10-30 19:09:35',0,NULL,'2021-02-09 00:37:20'),(47,6,158,1,48.40,'2020-09-08 21:29:22',0,NULL,'2021-02-09 00:37:20'),(48,6,158,1,58.57,'2020-09-06 14:09:31',0,NULL,'2021-02-09 00:37:20'),(49,6,160,1,134.89,'2020-08-10 06:40:23',0,NULL,'2021-02-09 00:37:20'),(50,6,158,1,23.58,'2020-09-22 07:18:48',0,NULL,'2021-02-09 00:37:20'),(51,6,160,1,30.11,'2020-08-13 11:11:49',0,NULL,'2021-02-09 00:37:20'),(52,6,158,1,84.68,'2020-09-01 01:11:34',0,NULL,'2021-02-09 00:37:20'),(53,6,158,1,19.57,'2020-09-17 01:53:46',0,NULL,'2021-02-09 00:37:20'),(54,6,160,1,40.19,'2020-08-05 05:16:50',0,NULL,'2021-02-09 00:37:20'),(55,6,160,1,137.87,'2020-08-20 02:06:33',0,NULL,'2021-02-09 00:37:20'),(56,6,163,1,148.80,'2021-01-15 06:17:09',0,NULL,'2021-02-09 00:37:20'),(57,6,160,1,36.65,'2020-08-13 00:49:34',0,NULL,'2021-02-09 00:37:20'),(58,6,160,1,171.29,'2020-08-31 16:35:37',0,NULL,'2021-02-09 00:37:20'),(59,6,164,1,16.57,'2020-10-01 09:08:58',0,NULL,'2021-02-09 00:37:20'),(60,6,160,1,62.61,'2020-08-07 01:03:45',0,NULL,'2021-02-09 00:37:20'),(61,6,161,1,61.68,'2020-07-31 04:34:52',0,NULL,'2021-02-09 00:37:20'),(62,6,160,1,15.25,'2020-08-11 16:08:27',0,NULL,'2021-02-09 00:37:20'),(63,6,161,1,58.93,'2020-07-28 06:30:35',0,NULL,'2021-02-09 00:37:20'),(64,6,158,1,58.66,'2020-09-06 17:08:48',0,NULL,'2021-02-09 00:37:20'),(65,7,158,1,78.33,'2020-09-14 21:09:57',0,NULL,'2021-02-09 00:37:20'),(66,7,158,1,98.17,'2020-09-30 10:14:09',0,NULL,'2021-02-09 00:37:20'),(67,7,165,1,15.84,'2020-06-16 07:08:45',0,NULL,'2021-02-09 00:37:20'),(68,7,158,1,199.44,'2020-09-25 23:30:27',0,NULL,'2021-02-09 00:37:20'),(69,7,158,1,42.36,'2020-09-14 15:08:22',0,NULL,'2021-02-09 00:37:20'),(70,7,160,1,56.62,'2020-08-24 01:57:21',0,NULL,'2021-02-09 00:37:20'),(71,7,158,1,180.82,'2020-09-17 05:29:30',0,NULL,'2021-02-09 00:37:20'),(72,7,158,1,14.26,'2020-09-08 22:56:43',0,NULL,'2021-02-09 00:37:20'),(73,7,160,1,19.74,'2020-08-24 10:34:40',0,NULL,'2021-02-09 00:37:20'),(74,7,160,1,94.56,'2020-08-22 16:00:15',0,NULL,'2021-02-09 00:37:20'),(75,7,156,1,36.63,'2020-12-24 20:03:32',0,NULL,'2021-02-09 00:37:20'),(76,7,161,1,182.52,'2020-07-18 11:57:13',0,NULL,'2021-02-09 00:37:20'),(77,7,158,1,46.19,'2020-09-27 21:54:14',0,NULL,'2021-02-09 00:37:20'),(78,7,158,1,65.91,'2020-09-06 21:17:44',0,NULL,'2021-02-09 00:37:20'),(79,7,160,1,35.13,'2020-08-13 08:32:41',0,NULL,'2021-02-09 00:37:20'),(80,7,160,1,59.31,'2020-08-31 03:17:16',0,NULL,'2021-02-09 00:37:20'),(81,7,164,1,59.38,'2020-10-04 02:26:31',0,NULL,'2021-02-09 00:37:20'),(82,7,160,1,139.35,'2020-08-18 21:59:14',0,NULL,'2021-02-09 00:37:20'),(83,7,160,1,11.50,'2020-08-08 15:55:42',0,NULL,'2021-02-09 00:37:20'),(84,8,160,1,156.61,'2020-08-17 18:34:13',0,NULL,'2021-02-09 00:37:20'),(85,9,160,1,48.12,'2020-08-04 18:25:02',0,NULL,'2021-02-09 00:37:20'),(86,9,158,1,116.43,'2020-09-26 06:34:10',0,NULL,'2021-02-09 00:37:20'),(87,10,158,1,94.20,'2020-09-17 06:19:22',0,NULL,'2021-02-09 00:37:20'),(88,10,157,1,120.76,'2020-11-03 17:53:55',0,NULL,'2021-02-09 00:37:20'),(89,10,164,1,13.19,'2020-10-03 06:10:12',0,NULL,'2021-02-09 00:37:20'),(90,10,160,1,100.00,'2020-08-29 19:31:10',0,NULL,'2021-02-09 00:37:20'),(91,10,160,1,14.17,'2020-08-02 21:30:55',0,NULL,'2021-02-09 00:37:20'),(92,10,156,1,104.64,'2020-12-03 20:56:32',0,NULL,'2021-02-09 00:37:20'),(93,10,161,1,27.43,'2020-07-16 20:56:21',0,NULL,'2021-02-09 00:37:20'),(94,10,163,1,36.98,'2021-01-04 07:54:15',0,NULL,'2021-02-09 00:37:20'),(95,10,161,1,25.90,'2020-07-29 15:14:08',0,NULL,'2021-02-09 00:37:20'),(96,11,160,1,41.61,'2020-08-02 13:34:55',0,NULL,'2021-02-09 00:37:20'),(97,11,161,1,136.53,'2020-07-27 14:08:14',0,NULL,'2021-02-09 00:37:20'),(98,11,160,1,86.04,'2020-08-25 20:05:19',0,NULL,'2021-02-09 00:37:20'),(99,11,158,1,67.22,'2020-09-09 04:11:49',0,NULL,'2021-02-09 00:37:20'),(100,11,160,1,17.03,'2020-08-09 15:40:57',0,NULL,'2021-02-09 00:37:20'),(101,11,163,1,3.90,'2021-01-20 21:48:42',0,NULL,'2021-02-09 00:37:20'),(102,11,158,1,104.09,'2020-09-09 23:46:07',0,NULL,'2021-02-09 00:37:20'),(103,11,163,1,119.47,'2021-01-19 22:47:09',0,NULL,'2021-02-09 00:37:20'),(104,11,158,1,59.97,'2020-09-09 08:09:15',0,NULL,'2021-02-09 00:37:20'),(105,11,157,1,83.56,'2020-11-17 03:59:23',0,NULL,'2021-02-09 00:37:20'),(106,11,164,1,90.72,'2020-10-02 11:57:04',0,NULL,'2021-02-09 00:37:20'),(107,11,160,1,5.80,'2020-08-15 04:02:34',0,NULL,'2021-02-09 00:37:20'),(108,12,161,1,150.10,'2020-07-28 12:07:39',0,NULL,'2021-02-09 00:37:20'),(109,12,160,1,132.87,'2020-08-11 10:58:42',0,NULL,'2021-02-09 00:37:20'),(110,12,160,1,50.67,'2020-08-03 07:05:18',0,NULL,'2021-02-09 00:37:20'),(111,12,161,1,128.15,'2020-07-22 07:25:17',0,NULL,'2021-02-09 00:37:20'),(112,12,158,1,49.59,'2020-09-20 09:04:33',0,NULL,'2021-02-09 00:37:20'),(113,12,160,1,29.65,'2020-08-03 23:38:53',0,NULL,'2021-02-09 00:37:20'),(114,12,161,1,78.96,'2020-07-20 18:49:59',0,NULL,'2021-02-09 00:37:20'),(115,12,160,1,197.43,'2020-08-25 15:24:18',0,NULL,'2021-02-09 00:37:20'),(116,12,160,1,21.30,'2020-08-05 14:22:59',0,NULL,'2021-02-09 00:37:20'),(117,12,157,1,145.49,'2020-11-22 13:53:42',0,NULL,'2021-02-09 00:37:20'),(118,12,160,1,27.31,'2020-08-04 06:35:42',0,NULL,'2021-02-09 00:37:20'),(119,12,158,1,7.09,'2020-09-09 15:44:40',0,NULL,'2021-02-09 00:37:20'),(120,12,160,1,36.53,'2020-08-19 07:20:45',0,NULL,'2021-02-09 00:37:20'),(121,12,163,1,140.01,'2021-01-21 01:44:10',0,NULL,'2021-02-09 00:37:20'),(122,12,158,1,142.40,'2020-09-20 02:30:33',0,NULL,'2021-02-09 00:37:20'),(123,12,160,1,61.63,'2020-08-30 01:55:56',0,NULL,'2021-02-09 00:37:20'),(124,12,161,1,36.51,'2020-07-28 09:44:16',0,NULL,'2021-02-09 00:37:20'),(125,12,160,1,179.06,'2020-08-14 15:53:56',0,NULL,'2021-02-09 00:37:20'),(126,13,160,1,186.46,'2020-08-14 14:09:02',0,NULL,'2021-02-09 00:37:20'),(127,13,160,1,91.10,'2020-08-21 02:38:07',0,NULL,'2021-02-09 00:37:20'),(128,13,156,1,122.27,'2020-12-20 14:48:43',0,NULL,'2021-02-09 00:37:20'),(129,13,158,1,101.23,'2020-09-03 20:44:28',0,NULL,'2021-02-09 00:37:20'),(130,13,158,1,138.09,'2020-09-09 10:30:28',0,NULL,'2021-02-09 00:37:20'),(131,13,160,1,87.59,'2020-08-19 15:23:49',0,NULL,'2021-02-09 00:37:20'),(132,13,161,1,125.20,'2020-07-24 20:55:27',0,NULL,'2021-02-09 00:37:20'),(133,13,160,1,100.80,'2020-08-15 02:53:30',0,NULL,'2021-02-09 00:37:20'),(134,13,157,1,48.07,'2020-11-29 11:47:03',0,NULL,'2021-02-09 00:37:20'),(135,13,161,1,82.13,'2020-07-29 06:13:43',0,NULL,'2021-02-09 00:37:20'),(136,13,160,1,4.80,'2020-08-03 06:34:05',0,NULL,'2021-02-09 00:37:20'),(137,13,158,1,150.47,'2020-09-25 23:32:28',0,NULL,'2021-02-09 00:37:20'),(138,13,158,1,75.20,'2020-09-25 21:05:27',0,NULL,'2021-02-09 00:37:20'),(139,14,163,1,42.44,'2021-01-22 11:48:22',0,NULL,'2021-02-09 00:37:20'),(140,14,158,1,37.02,'2020-09-16 11:26:07',0,NULL,'2021-02-09 00:37:20'),(141,14,160,1,167.89,'2020-08-06 16:17:34',0,NULL,'2021-02-09 00:37:20'),(142,14,160,1,57.79,'2020-08-22 18:47:34',0,NULL,'2021-02-09 00:37:21'),(143,14,161,1,41.42,'2020-07-24 02:09:19',0,NULL,'2021-02-09 00:37:21'),(144,14,161,1,185.26,'2020-07-30 23:29:57',0,NULL,'2021-02-09 00:37:21'),(145,14,161,1,67.23,'2020-07-20 18:26:07',0,NULL,'2021-02-09 00:37:21'),(146,14,156,1,29.18,'2020-12-25 14:48:43',0,NULL,'2021-02-09 00:37:21'),(147,14,157,1,2.53,'2020-11-08 17:07:48',0,NULL,'2021-02-09 00:37:21'),(148,14,161,1,126.50,'2020-07-20 15:55:05',0,NULL,'2021-02-09 00:37:21'),(149,14,156,1,149.20,'2020-12-23 20:43:51',0,NULL,'2021-02-09 00:37:21'),(150,14,161,1,168.87,'2020-07-25 21:28:24',0,NULL,'2021-02-09 00:37:21'),(151,15,161,1,167.30,'2020-07-23 20:29:35',0,NULL,'2021-02-09 00:37:21'),(152,16,161,1,41.56,'2020-07-23 13:47:44',0,NULL,'2021-02-09 00:37:21'),(153,16,160,1,157.03,'2020-08-18 04:51:18',0,NULL,'2021-02-09 00:37:21'),(154,16,161,1,67.00,'2020-07-28 05:31:32',0,NULL,'2021-02-09 00:37:21'),(155,16,160,1,111.02,'2020-08-01 07:56:16',0,NULL,'2021-02-09 00:37:21'),(156,16,164,1,69.65,'2020-10-01 17:48:00',0,NULL,'2021-02-09 00:37:21'),(157,16,161,1,41.34,'2020-07-20 19:53:34',0,NULL,'2021-02-09 00:37:21'),(158,16,158,1,33.12,'2020-09-10 03:42:04',0,NULL,'2021-02-09 00:37:21'),(159,16,158,1,97.72,'2020-09-03 18:11:45',0,NULL,'2021-02-09 00:37:21'),(160,16,161,1,73.21,'2020-07-17 06:08:20',0,NULL,'2021-02-09 00:37:21'),(161,16,161,1,6.21,'2020-07-27 11:32:41',0,NULL,'2021-02-09 00:37:21'),(162,16,158,1,82.08,'2020-09-16 03:04:59',0,NULL,'2021-02-09 00:37:21'),(163,1,158,1,-77.71,'2020-09-08 09:45:02',1,NULL,'2021-02-09 00:37:21'),(164,6,160,1,-40.19,'2020-08-05 05:16:51',1,NULL,'2021-02-09 00:37:21'),(165,7,160,1,-139.35,'2020-08-18 21:59:15',1,NULL,'2021-02-09 00:37:21'),(166,8,160,1,-156.61,'2020-08-17 18:34:14',1,NULL,'2021-02-09 00:37:21'),(167,15,161,1,-41.42,'2020-07-24 02:09:20',1,NULL,'2021-02-09 00:37:21'),(168,17,158,1,-33.12,'2020-09-10 03:42:05',1,NULL,'2021-02-09 00:37:21'),(169,21,159,1,-9.35,'2021-02-07 10:43:19',1,NULL,'2021-02-09 00:37:21'),(170,22,163,1,-65.34,'2021-01-19 10:05:23',1,NULL,'2021-02-09 00:37:21'),(171,18,156,1,132.78,'2020-12-21 20:52:37',0,NULL,'2021-02-09 00:37:21'),(172,18,161,1,22.80,'2020-07-26 10:14:38',0,NULL,'2021-02-09 00:37:21'),(173,18,157,1,66.40,'2020-11-23 01:33:57',0,NULL,'2021-02-09 00:37:21'),(174,18,161,1,64.34,'2020-07-27 14:02:04',0,NULL,'2021-02-09 00:37:21'),(175,18,166,1,30.91,'2020-01-07 17:06:19',0,NULL,'2021-02-09 00:37:21'),(176,18,156,1,200.60,'2020-12-02 18:09:00',0,NULL,'2021-02-09 00:37:21'),(177,18,160,1,42.97,'2020-08-23 14:15:31',0,NULL,'2021-02-09 00:37:21'),(178,18,163,1,34.54,'2021-01-05 20:33:21',0,NULL,'2021-02-09 00:37:21'),(179,18,160,1,86.28,'2020-08-14 21:46:58',0,NULL,'2021-02-09 00:37:21'),(180,18,158,1,15.00,'2020-09-25 02:04:30',0,NULL,'2021-02-09 00:37:21'),(181,19,158,1,6.66,'2020-09-28 21:15:07',0,NULL,'2021-02-09 00:37:21'),(182,20,160,1,27.79,'2020-08-16 13:02:08',0,NULL,'2021-02-09 00:37:21'),(183,20,160,1,27.62,'2020-08-16 23:56:05',0,NULL,'2021-02-09 00:37:21'),(184,20,163,1,41.47,'2021-01-20 09:22:29',0,NULL,'2021-02-09 00:37:21'),(185,20,158,1,77.30,'2020-09-26 16:14:45',0,NULL,'2021-02-09 00:37:21'),(186,20,156,1,106.18,'2020-12-25 04:12:03',0,NULL,'2021-02-09 00:37:21'),(187,20,157,1,4.93,'2020-11-23 08:14:12',0,NULL,'2021-02-09 00:37:21'),(188,20,163,1,65.52,'2021-01-17 07:54:20',0,NULL,'2021-02-09 00:37:21'),(189,20,161,1,42.57,'2020-07-24 10:00:03',0,NULL,'2021-02-09 00:37:21'),(190,20,160,1,64.76,'2020-08-01 05:04:45',0,NULL,'2021-02-09 00:37:21'),(191,20,162,1,46.16,'2020-02-01 23:55:24',0,NULL,'2021-02-09 00:37:21'),(192,20,160,1,113.36,'2020-08-14 17:06:27',0,NULL,'2021-02-09 00:37:21'),(193,20,164,1,50.91,'2020-10-28 04:39:12',0,NULL,'2021-02-09 00:37:21'),(194,20,158,1,139.14,'2020-09-18 04:29:12',0,NULL,'2021-02-09 00:37:21'),(195,20,158,1,76.20,'2020-09-03 01:28:34',0,NULL,'2021-02-09 00:37:21'),(196,20,160,1,65.03,'2020-08-24 08:47:59',0,NULL,'2021-02-09 00:37:21'),(197,21,159,1,105.80,'2021-02-07 19:42:51',0,NULL,'2021-02-09 00:37:21'),(198,21,161,1,28.31,'2020-07-22 02:36:04',0,NULL,'2021-02-09 00:37:21'),(199,21,163,1,61.80,'2021-01-10 07:09:28',0,NULL,'2021-02-09 00:37:21'),(200,21,161,1,94.68,'2020-07-23 05:46:21',0,NULL,'2021-02-09 00:37:21'),(201,21,164,1,35.74,'2020-10-29 02:36:04',0,NULL,'2021-02-09 00:37:21'),(202,21,158,1,4.71,'2020-09-21 13:30:03',0,NULL,'2021-02-09 00:37:21'),(203,21,156,1,55.75,'2020-12-29 10:56:54',0,NULL,'2021-02-09 00:37:21'),(204,21,161,1,30.65,'2020-07-26 11:51:39',0,NULL,'2021-02-09 00:37:21'),(205,21,161,1,194.77,'2020-07-16 18:54:27',0,NULL,'2021-02-09 00:37:21'),(206,21,161,1,103.21,'2020-07-23 02:37:08',0,NULL,'2021-02-09 00:37:21'),(207,21,156,1,42.29,'2020-12-24 06:53:20',0,NULL,'2021-02-09 00:37:21'),(208,21,159,1,67.83,'2021-02-08 00:01:31',0,NULL,'2021-02-09 00:37:21'),(209,21,159,1,27.35,'2021-02-08 21:46:15',0,NULL,'2021-02-09 00:37:21'),(210,21,160,1,60.52,'2020-08-11 01:01:08',0,NULL,'2021-02-09 00:37:21'),(211,21,161,1,88.48,'2020-07-19 14:40:28',0,NULL,'2021-02-09 00:37:21'),(212,21,157,1,9.35,'2020-11-05 10:43:18',0,NULL,'2021-02-09 00:37:21'),(213,22,163,1,65.34,'2021-01-19 10:05:22',0,NULL,'2021-02-09 00:37:21'),(214,23,161,1,186.61,'2020-07-19 01:55:19',0,NULL,'2021-02-09 00:37:21'),(215,23,161,1,66.32,'2020-07-28 04:28:36',0,NULL,'2021-02-09 00:37:21');
/*!40000 ALTER TABLE `payments` ENABLE KEYS */;
UNLOCK TABLES;

--
-- Table structure for table `stores`
--

DROP TABLE IF EXISTS `stores`;
/*!40101 SET @saved_cs_client     = @@character_set_client */;
/*!50503 SET character_set_client = utf8mb4 */;
CREATE TABLE `stores` (
  `id` bigint(20) unsigned NOT NULL AUTO_INCREMENT,
  `name` varchar(255) COLLATE utf8mb4_unicode_ci NOT NULL,
  `category_id` bigint(20) unsigned NOT NULL,
  `long` decimal(10,7) NOT NULL,
  `lat` decimal(10,7) NOT NULL,
  `created_at` timestamp NULL DEFAULT NULL,
  `updated_at` timestamp NULL DEFAULT NULL,
  PRIMARY KEY (`id`),
  KEY `stores_category_id_foreign` (`category_id`),
  CONSTRAINT `stores_category_id_foreign` FOREIGN KEY (`category_id`) REFERENCES `categories` (`id`)
) ENGINE=InnoDB AUTO_INCREMENT=24 DEFAULT CHARSET=utf8mb4 COLLATE=utf8mb4_unicode_ci;
/*!40101 SET character_set_client = @saved_cs_client */;

--
-- Dumping data for table `stores`
--

LOCK TABLES `stores` WRITE;
/*!40000 ALTER TABLE `stores` DISABLE KEYS */;
INSERT INTO `stores` VALUES (1,'ZULETO',1,-18.1542880,-47.9330420,'2021-02-03 09:30:36','2021-02-03 09:30:36'),(2,'WEBBLO',5,-18.1777640,-47.9417311,'2021-02-03 09:30:36','2021-02-03 09:30:36'),(3,'VIVERA',3,-18.1737988,-47.9240822,'2021-02-03 09:30:36','2021-02-03 09:30:36'),(4,'VITTA BUENA',1,-18.1686611,-47.9454540,'2021-02-03 09:30:36','2021-02-03 09:30:36'),(5,'SMERCADO',2,-18.1589868,-47.9421388,'2021-02-03 09:30:36','2021-02-03 09:30:36'),(6,'ROSARIO',6,-18.1485983,-47.9376434,'2021-02-03 09:30:36','2021-02-03 09:30:36'),(7,'RAIOS QUE ME MORDAM',1,-18.1456009,-47.9235887,'2021-02-03 09:30:36','2021-02-03 09:30:36'),(8,'PROMODA',3,-18.1608320,-47.9128384,'2021-02-03 09:30:36','2021-02-03 09:30:36'),(9,'PIKI',1,-18.1515039,-47.9266142,'2021-02-03 09:30:36','2021-02-03 09:30:36'),(10,'NATILLAS',1,-18.1687630,-47.9454326,'2021-02-03 09:30:36','2021-02-03 09:30:36'),(11,'MMERCADO',2,-18.1649097,-47.9500031,'2021-02-03 09:30:36','2021-02-03 09:30:36'),(12,'MANZUELA',3,-18.1720047,-47.9355835,'2021-02-03 09:30:36','2021-02-03 09:30:36'),(13,'LIVREMENTE',1,-18.1533492,-47.9283201,'2021-02-03 09:30:36','2021-02-03 09:30:36'),(14,'GRELHADOS DAENERYS',4,-18.1755113,-47.9282021,'2021-02-03 09:30:36','2021-02-03 09:30:36'),(15,'FORTALE PEÇAS',4,-18.1638597,-47.9464733,'2021-02-03 09:30:36','2021-02-03 09:30:36'),(16,'EXCLUSIVUM',3,-18.1821166,-47.9741215,'2021-02-03 09:30:36','2021-02-03 09:30:36'),(17,'EVOTION',5,-18.1659495,-47.9439198,'2021-02-03 09:30:36','2021-02-03 09:30:36'),(18,'EASY CAR',4,-18.1749914,-47.9424607,'2021-02-03 09:30:36','2021-02-03 09:30:36'),(19,'CIRANDA DOS TECIDOS',3,-18.1521869,-47.9101776,'2021-02-03 09:30:36','2021-02-03 09:30:36'),(20,'CAZIANO',7,-18.1589562,-47.9468273,'2021-02-03 09:30:36','2021-02-03 09:30:36'),(21,'CATRACA SAUDAVEL',1,-18.1537366,-47.9346608,'2021-02-03 09:30:36','2021-02-03 09:30:36'),(22,'AMÊNDOA DOCE',3,-18.1428074,-47.9460548,'2021-02-03 09:30:36','2021-02-03 09:30:36'),(23,'AGUIRREO',3,-18.1723309,-47.9174732,'2021-02-03 09:30:36','2021-02-03 09:30:36');
/*!40000 ALTER TABLE `stores` ENABLE KEYS */;
UNLOCK TABLES;

--
-- Table structure for table `users`
--

DROP TABLE IF EXISTS `users`;
/*!40101 SET @saved_cs_client     = @@character_set_client */;
/*!50503 SET character_set_client = utf8mb4 */;
CREATE TABLE `users` (
  `id` bigint(20) unsigned NOT NULL AUTO_INCREMENT,
  `name` varchar(255) COLLATE utf8mb4_unicode_ci NOT NULL,
  `email` varchar(255) COLLATE utf8mb4_unicode_ci NOT NULL,
  `email_verified_at` timestamp NULL DEFAULT NULL,
  `password` varchar(255) COLLATE utf8mb4_unicode_ci NOT NULL,
  `remember_token` varchar(100) COLLATE utf8mb4_unicode_ci DEFAULT NULL,
  `created_at` timestamp NULL DEFAULT NULL,
  `updated_at` timestamp NULL DEFAULT NULL,
  PRIMARY KEY (`id`),
  UNIQUE KEY `users_email_unique` (`email`)
) ENGINE=InnoDB AUTO_INCREMENT=2 DEFAULT CHARSET=utf8mb4 COLLATE=utf8mb4_unicode_ci;
/*!40101 SET character_set_client = @saved_cs_client */;

--
-- Dumping data for table `users`
--

LOCK TABLES `users` WRITE;
/*!40000 ALTER TABLE `users` DISABLE KEYS */;
INSERT INTO `users` VALUES (1,'Usuário Teste\'','usuario.teste@teste.com','2021-02-03 09:30:36','$2y$10$1.6YiyWyGvUBvcySPv0Pk.hb4bWhYbIwbT83iodE9E6xwcYxzZ3La',NULL,'2021-02-03 09:30:36','2021-02-03 09:30:36');
/*!40000 ALTER TABLE `users` ENABLE KEYS */;
UNLOCK TABLES;

--
-- Dumping routines for database 'pineapple'
--
/*!40103 SET TIME_ZONE=@OLD_TIME_ZONE */;

/*!40101 SET SQL_MODE=@OLD_SQL_MODE */;
/*!40014 SET FOREIGN_KEY_CHECKS=@OLD_FOREIGN_KEY_CHECKS */;
/*!40014 SET UNIQUE_CHECKS=@OLD_UNIQUE_CHECKS */;
/*!40101 SET CHARACTER_SET_CLIENT=@OLD_CHARACTER_SET_CLIENT */;
/*!40101 SET CHARACTER_SET_RESULTS=@OLD_CHARACTER_SET_RESULTS */;
/*!40101 SET COLLATION_CONNECTION=@OLD_COLLATION_CONNECTION */;
/*!40111 SET SQL_NOTES=@OLD_SQL_NOTES */;

-- Dump completed on 2021-02-08 21:44:57
